2026云南省春季高考招生院校、专业及预测分数,,,,
院校,专业,,,
保山中医药高等专科学校,中医学,,,
保山中医药高等专科学校,针灸推拿,,,
保山中医药高等专科学校,中医骨伤,,,
保山中医药高等专科学校,中医养生保健,,,
保山中医药高等专科学校,中医康复技术,,,
保山中医药高等专科学校,中药学,,,
保山中医药高等专科学校,药学,,,
保山中医药高等专科学校,药品生产技术,,,
保山中医药高等专科学校,临床医学,,,
保山中医药高等专科学校,口腔医学技术,,,
保山中医药高等专科学校,康复治疗技术,,,
保山中医药高等专科学校,医学影像技术,,,
保山中医药高等专科学校,医学检验技术,,,
保山中医药高等专科学校,健康管理,,,
保山中医药高等专科学校,医学营养,,,
保山中医药高等专科学校,护理,,,
保山中医药高等专科学校,老年保健与管理,,,
保山中医药高等专科学校,助产,,,
保山中医药高等专科学校,医学美容技术,,,
保山中医药高等专科学校,生殖健康管理,,,
保山中医药高等专科学校,公共卫生管理,,,
保山中医药高等专科学校,预防医学,,,
保山中医药高等专科学校,体育保健与康复,,,
大理护理职业学院,护理,,,
大理护理职业学院,助产,,,
大理护理职业学院,针灸推拿,,,
大理护理职业学院,健康管理,,,
大理护理职业学院,老年保健与管理,,,
大理护理职业学院,智慧健康养老服务与管理,,,
大理护理职业学院,中药学,,,
大理护理职业学院,中医康复技术,,,
大理护理职业学院,中医养生保健,,,
大理护理职业学院,康复治疗技术,,,
大理护理职业学院,医学检验技术,,,
大理护理职业学院,医学影像技术,,,
大理护理职业学院,卫生检验与检疫技术,,,
大理护理职业学院,眼视光技术,,,
大理护理职业学院,视觉训练与康复,,,
大理护理职业学院,药学,,,
昭通卫生职业学院,眼视光技术,,,
昭通卫生职业学院,医学美容技术,,,
昭通卫生职业学院,口腔医学技术,,,
昭通卫生职业学院,药品质量与安全,,,
昭通卫生职业学院,公共卫生管理,,,
昭通卫生职业学院,中医养生保健,,,
昭通卫生职业学院,中医康复技术,,,
昭通卫生职业学院,婴幼儿托育服务与管理,,,
昭通卫生职业学院,药品经营与管理,,,
昭通卫生职业学院,老年保健与管理,,,
楚雄医药高等专科学校,临床医学,,,
楚雄医药高等专科学校,预防医学,,,
楚雄医药高等专科学校,中药学,,,
楚雄医药高等专科学校,药品经营与管理,,,
楚雄医药高等专科学校,药品生产技术,,,
楚雄医药高等专科学校,护理,,,
楚雄医药高等专科学校,助产,,,
楚雄医药高等专科学校,医学美容技术,,,
楚雄医药高等专科学校,医学检验技术,,,
楚雄医药高等专科学校,卫生检验与检疫技术,,,
楚雄医药高等专科学校,医疗器械经营与服务,,,
楚雄医药高等专科学校,医学影像技术,,,
楚雄医药高等专科学校,中医学,,,
楚雄医药高等专科学校,中医养生保健,,,
楚雄医药高等专科学校,针灸推拿,,,
楚雄医药高等专科学校,康复治疗技术,,,
楚雄医药高等专科学校,健康管理,,,
楚雄医药高等专科学校,保健食品质量与管理,,,
楚雄医药高等专科学校,医学营养,,,
楚雄医药高等专科学校,食品质量与安全,,,
红河卫生职业学院,护理,,,
红河卫生职业学院,老年保健与管理,,,
红河卫生职业学院,临床医学,,,
红河卫生职业学院,预防医学,,,
红河卫生职业学院,康复治疗技术,,,
红河卫生职业学院,医学检验技术,,,
红河卫生职业学院,眼视光技术,,,
红河卫生职业学院,药学,,,
红河卫生职业学院,中药学,,,
红河卫生职业学院,药品经营与管理,,,
红河卫生职业学院,药品生产技术,,,
红河卫生职业学院,中医学,,,
红河卫生职业学院,针灸推拿,,,
红河卫生职业学院,医学美容技术,,,
红河卫生职业学院,中医养生保健,,,
红河卫生职业学院,口腔医学,,,
红河卫生职业学院,口腔医学技术,,,
红河卫生职业学院,口腔卫生保健,,,
红河卫生职业学院,健康大数据管理与服务,,,
红河卫生职业学院,体育保健与康复,,,
临沧职业学院,民族表演艺术,,,
临沧职业学院,茶叶生产与加工技术,,,
临沧职业学院,农产品加工与质量检测,,,
临沧职业学院,畜牧兽医,,,
临沧职业学院,跨境电子商务,,,
临沧职业学院,婴幼儿托育服务与管理,,,
临沧职业学院,药学,,,
临沧职业学院,中医康复技术,,,
临沧职业学院,智能制造装备技术,,,
临沧职业学院,机电一体化技术,,,
临沧职业学院,新能源汽车技术,,,
丽江职业技术学院,智能制造装备技术,,,
丽江职业技术学院,物联网应用技术,,,
丽江职业技术学院,新能源汽车技术,,,
丽江职业技术学院,新能源汽车检测与维修技术,,,
丽江职业技术学院,健康大数据管理与服务,,,
丽江职业技术学院,中医养生保健,,,
丽江职业技术学院,民宿管理与运营,,,
丽江职业技术学院,研学旅行管理与服务,,,
丽江职业技术学院,绿色食品生产技术,,,
丽江职业技术学院,畜牧兽医,,,
丽江职业技术学院,婴幼儿托育服务与管理专业,,,
丽江职业技术学院,产品艺术设计,,,
云南工贸职业技术学院,智能产品开发与应用,,,
云南工贸职业技术学院,数控技术,,,
云南工贸职业技术学院,工业机器人技术,,,
云南工贸职业技术学院,机电一体化技术,,,
云南工贸职业技术学院,电气自动化技术,,,
云南工贸职业技术学院,机械制造及自动化,,,
云南工贸职业技术学院,软件技术,,,
云南工贸职业技术学院,信息安全技术应用,,,
云南工贸职业技术学院,数字媒体技术,,,
云南工贸职业技术学院,云计算技术应用,,,
云南工贸职业技术学院,现代通信技术,,,
云南工贸职业技术学院,智能互联网络技术,,,
云南工贸职业技术学院,应用化工技术,,,
云南工贸职业技术学院,食品质量与安全,,,
云南工贸职业技术学院,水环境智能监测与治理,,,
云南工贸职业技术学院,药品生产技术,,,
云南工贸职业技术学院,中药材生产与加工,,,
云南工贸职业技术学院,健康管理,,,
云南工贸职业技术学院,婴幼儿托育服务与管理,,,
云南工贸职业技术学院,烹饪工艺与营养,,,
云南工贸职业技术学院,食品营养与健康,,,
云南工贸职业技术学院,智慧健康养老服务与管理,,,
云南工贸职业技术学院,社区康复,,,
云南工贸职业技术学院,汽车检测与维修技术,,,
云南工贸职业技术学院,新能源汽车技术,,,
云南工贸职业技术学院,新能源汽车检测与维修技术,,,
云南工贸职业技术学院,环境艺术设计,,,
云南工贸职业技术学院,建筑装饰工程技术,,,
云南工贸职业技术学院,建筑工程技术,,,
云南工贸职业技术学院,工艺美术品设计,,,
云南现代职业技术学院,新能源材料应用技术,,,
云南现代职业技术学院,数控技术 ,,,
云南现代职业技术学院,智能焊接技术,,,
云南现代职业技术学院,智能制造装备技术,,,
云南现代职业技术学院,机电一体化技术,,,
云南现代职业技术学院,电气自动化技术,,,
云南现代职业技术学院,作物生产与经营管理,,,
云南现代职业技术学院,药品生产技术,,,
云南现代职业技术学院,药品经营与管理,,,
云南现代职业技术学院,汽车制造与试验技术,,,
云南现代职业技术学院,智能网联汽车技术,,,
云南现代职业技术学院,高速铁路客运服务,,,
云南现代职业技术学院,新能源汽车检测与维修技术,,,
云南现代职业技术学院,民航安全技术管理,,,
云南现代职业技术学院,酒店管理与数字化运营,,,
云南现代职业技术学院,烹饪工艺与营养,,,
云南现代职业技术学院,书画艺术,,,
云南现代职业技术学院,广告艺术设计,,,
云南现代职业技术学院,影视多媒体技术,,,
云南现代职业技术学院,学前教育,,,
云南现代职业技术学院,婴幼儿托育服务与管理,,,
云南现代职业技术学院,护理,,,
云南现代职业技术学院,康复治疗技术,,,
云南现代职业技术学院,消防救援技术,,,
云南现代职业技术学院,建筑工程技术,,,
云南现代职业技术学院,智能建造技术,,,
云南现代职业技术学院,大数据与会计,,,
云南能源职业技术学院,环境地质工程,,,
云南能源职业技术学院,工程测量技术,,,
云南能源职业技术学院,测绘地理信息技术,,,
云南能源职业技术学院,煤矿智能开采技术,,,
云南能源职业技术学院,通风技术与安全管理,,,
云南能源职业技术学院,环境监测技术,,,
云南能源职业技术学院,安全技术与管理,,,
云南能源职业技术学院,建筑工程技术,,,
云南能源职业技术学院,应用化工技术,,,
云南能源职业技术学院,无人机测绘技术,,,
云南能源职业技术学院,新能源装备技术,,,
云南能源职业技术学院,发电厂及电力系统,,,
云南能源职业技术学院,电力系统自动化技术,,,
云南能源职业技术学院,供用电技术,,,
云南能源职业技术学院,风力发电工程技术,,,
云南能源职业技术学院,水电站运行与智能管理,,,
云南能源职业技术学院,机械制造及自动化,,,
云南能源职业技术学院,机电一体化技术,,,
云南能源职业技术学院,工业机器人技术,,,
云南能源职业技术学院,电气自动化技术,,,
云南能源职业技术学院,新能源汽车技术,,,
云南能源职业技术学院,光伏工程技术,,,
云南能源职业技术学院,数控技术,,,
云南能源职业技术学院,食品智能加工技术,,,
云南能源职业技术学院,餐饮智能管理,,,
云南能源职业技术学院,烹饪工艺与营养,,,
云南能源职业技术学院,智慧健康养老服务与管理,,,
云南能源职业技术学院,大数据与财务管理,,,
云南能源职业技术学院,大数据与会计,,,
云南能源职业技术学院,市场营销,,,
云南能源职业技术学院,现代物流管理,,,
云南能源职业技术学院,冷链物流技术与管理,,,
云南能源职业技术学院,建筑室内设计,,,
云南能源职业技术学院,婴幼儿托育服务与管理,,,
云南能源职业技术学院,广告艺术设计,,,
云南能源职业技术学院,社区管理与服务,,,
云南能源职业技术学院,人力资源管理,,,
云南能源职业技术学院,现代文秘,,,
云南能源职业技术学院,信息安全技术应用,,,
云南能源职业技术学院,移动应用开发,,,
云南能源职业技术学院,物联网应用技术,,,
云南能源职业技术学院,计算机应用技术,,,
云南能源职业技术学院,计算机网络技术,,,
云南能源职业技术学院,软件技术,,,
云南能源职业技术学院,数字媒体技术,,,
云南能源职业技术学院,大数据技术,,,
云南能源职业技术学院,电子商务,,,
云南轻纺职业学院,服装设计与工艺,,,
云南轻纺职业学院,机场运行服务与管理,,,
云南轻纺职业学院,服装与服饰设计,,,
云南轻纺职业学院,食品检验检测技术,,,
云南轻纺职业学院,烹饪工艺与营养,,,
云南轻纺职业学院,社区管理与服务,,,
云南轻纺职业学院,智慧健康养老服务与管理,,,
云南轻纺职业学院,工业机器人技术,,,
云南轻纺职业学院,智能控制技术,,,
云南轻纺职业学院,机电设备技术,,,
云南轻纺职业学院,机电一体化技术,,,
云南轻纺职业学院,新能源汽车技术,,,
云南轻纺职业学院,视觉传达设计,,,
云南轻纺职业学院,广告艺术设计,,,
云南轻纺职业学院,工艺美术品设计,,,
云南轻纺职业学院,数字媒体艺术设计,,,
云南轻纺职业学院,建筑室内设计,,,
云南轻纺职业学院,艺术设计,,,
云南轻纺职业学院,信息安全技术应用,,,
云南轻纺职业学院,现代移动通信技术,,,
云南轻纺职业学院,人工智能技术应用,,,
云南轻纺职业学院,云计算技术应用,,,
云南轻纺职业学院,大数据与财务管理,,,
云南轻纺职业学院,大数据与会计,,,
云南轻纺职业学院,电子商务,,,
云南轻纺职业学院,酒店管理与数字化运营,,,
云南轻纺职业学院,业财数据应用与管理,,,
云南锡业职业技术学院,电气自动化技术,,,
云南锡业职业技术学院,供用电技术,,,
云南锡业职业技术学院,机电一体化技术,,,
云南锡业职业技术学院,机械制造及自动化,,,
云南锡业职业技术学院,新能源汽车技术,,,
云南锡业职业技术学院,汽车制造与试验技术,,,
云南锡业职业技术学院,道路与桥梁工程技术,,,
云南锡业职业技术学院,高速铁路客运服务,,,
云南锡业职业技术学院,工程测量技术,,,
云南锡业职业技术学院,工程造价,,,
云南锡业职业技术学院,建筑工程技术,,,
云南锡业职业技术学院,建筑消防技术,,,
云南锡业职业技术学院,大数据与财务管理,,,
云南锡业职业技术学院,工艺美术品设计,,,
云南锡业职业技术学院,数字媒体艺术设计,,,
云南锡业职业技术学院,现代物流管理,,,
云南锡业职业技术学院,法律事务,,,
云南锡业职业技术学院,安全技术与管理,,,
云南锡业职业技术学院,分析检验技术,,,
云南锡业职业技术学院,药品经营与管理,,,
云南锡业职业技术学院,有色金属智能冶金技术,,,
云南锡业职业技术学院,矿山智能开采技术,,,
云南锡业职业技术学院,矿物加工技术,,,
云南锡业职业技术学院,应用化工技术,,,
保山职业学院,食品智能加工技术,,,
保山职业学院,农产品加工与质量检测,,,
保山职业学院,烹饪工艺与营养,,,
保山职业学院,西式烹饪工艺,,,
保山职业学院,酒店管理与数字化运营,,,
保山职业学院,跨境电子商务,,,
保山职业学院,农村电子商务,,,
保山职业学院,老年保健与管理,,,
保山职业学院,健康管理,,,
保山职业学院,智能机电技术,,,
保山职业学院,新能源汽车技术,,,
保山职业学院,应用化工技术,,,
保山职业学院,安全技术与管理,,,
保山职业学院,现代通信技术,,,
保山职业学院,数字化设计与制造技术,,,
德宏职业学院,临床医学,,,
德宏职业学院,口腔医学,,,
德宏职业学院,医学美容技术,,,
德宏职业学院,眼视光技术,,,
德宏职业学院,智能医疗装备技术,,,
德宏职业学院,药学,,,
德宏职业学院,医学检验技术,,,
德宏职业学院,医学影像技术,,,
德宏职业学院,中草药栽培与加工技术,,,
德宏职业学院,护理,,,
德宏职业学院,中医学,,,
德宏职业学院,针灸推拿,,,
德宏职业学院,傣医学,,,
德宏职业学院,康复治疗技术,,,
德宏职业学院,老年保健与管理,,,
德宏职业学院,智慧健康养老服务与管理,,,
德宏职业学院,宝玉石鉴定与加工,,,
德宏职业学院,财税大数据应用,,,
德宏职业学院,大数据与会计,,,
德宏职业学院,电子商务,,,
德宏职业学院,跨境电子商务,,,
德宏职业学院,旅游管理,,,
德宏职业学院,烹饪工艺与营养,,,
德宏职业学院,土木工程检测技术,,,
德宏职业学院,建设工程管理,,,
德宏职业学院,计算机应用技术,,,
德宏职业学院,大数据技术,,,
德宏职业学院,室内艺术设计,,,
德宏职业学院,服装设计与工艺,,,
德宏职业学院,学前教育,,,
德宏职业学院,新能源汽车技术,,,
怒江职业技术学院,建筑工程技术,,,
怒江职业技术学院,婴幼儿托育服务与管理,,,
怒江职业技术学院,旅游管理,,,
怒江职业技术学院,表演艺术,,,
怒江职业技术学院,休闲体育,,,
怒江职业技术学院,供用电技术,,,
怒江职业技术学院,新能源汽车检测与维修技术,,,
文山职业技术学院,学前教育,,,
文山职业技术学院,运动训练,,,
文山职业技术学院,人工智能技术应用,,,
文山职业技术学院,无人机应用技术,,,
文山职业技术学院,工业过程自动化技术,,,
文山职业技术学院,机电一体化技术,,,
文山职业技术学院,护理,,,
文山职业技术学院,康复治疗技术,,,
文山职业技术学院,医学检验技术,,,
文山职业技术学院,口腔医学技术,,,
文山职业技术学院,畜牧兽医,,,
文山职业技术学院,中药材生产与加工,,,
文山职业技术学院,新能源汽车技术,,,
文山职业技术学院,网络营销与直播电商,,,
文山职业技术学院,烹饪工艺与营养,,,
文山职业技术学院,酒店管理与数字化运营,,,
昭通职业学院,建筑工程技术,,,
昭通职业学院,畜牧兽医,,,
昭通职业学院,学前教育,,,
昭通职业学院,烹饪工艺与营养,,,
昭通职业学院,智能制造装备技术,,,
昭通职业学院,体育教育,,,
昭通职业学院,供应链运营,,,
昭通职业学院,运动训练,,,
昭通职业学院,新能源汽车技术,,,
昭通职业学院,供用电技术,,,
昭通职业学院,数字媒体技术,,,
昭通职业学院,大数据与财务管理,,,
昭通职业学院,网络营销与直播电商,,,
昭通职业学院,艺术设计,,,
曲靖职业技术学院,建筑工程技术,,,
曲靖职业技术学院,现代农业技术,,,
曲靖职业技术学院,绿色食品生产技术,,,
曲靖职业技术学院,农产品加工与质量检测,,,
曲靖职业技术学院,食品营养与健康,,,
曲靖职业技术学院,烹饪工艺与营养,,,
曲靖职业技术学院,大数据与会计,,,
曲靖职业技术学院,电子商务,,,
曲靖职业技术学院,金融服务与管理,,,
曲靖职业技术学院,旅游管理,,,
曲靖职业技术学院,大数据与审计,,,
曲靖职业技术学院,现代物流管理,,,
曲靖职业技术学院,大数据技术,,,
曲靖职业技术学院,智能控制技术,,,
曲靖职业技术学院,动漫制作技术,,,
曲靖职业技术学院,人工智能技术应用,,,
曲靖职业技术学院,陶瓷设计与工艺,,,
曲靖职业技术学院,婴幼儿托育服务与管理,,,
曲靖职业技术学院,药品经营与管理,,,
曲靖职业技术学院,药品生产技术,,,
曲靖职业技术学院,汽车检测与维修技术,,,
曲靖职业技术学院,新能源汽车技术,,,
曲靖职业技术学院,机电一体化技术,,,
曲靖职业技术学院,化工智能制造技术,,,
玉溪农业职业技术学院,作物生产与经营管理,,,
玉溪农业职业技术学院,种子生产与经营,,,
玉溪农业职业技术学院,烟草栽培与加工技术,,,
玉溪农业职业技术学院,农产品加工与质量检测,,,
玉溪农业职业技术学院,绿色食品生产技术,,,
玉溪农业职业技术学院,园艺技术,,,
玉溪农业职业技术学院,园林技术,,,
玉溪农业职业技术学院,食用菌生产与加工技术,,,
玉溪农业职业技术学院,现代农业技术,,,
玉溪农业职业技术学院,宠物医疗技术,,,
玉溪农业职业技术学院,动物防疫与检疫,,,
玉溪农业职业技术学院,水产养殖技术,,,
玉溪农业职业技术学院,畜牧兽医,,,
玉溪农业职业技术学院,食品智能加工技术,,,
玉溪农业职业技术学院,食品检验检测技术,,,
玉溪农业职业技术学院,药品生产技术,,,
玉溪农业职业技术学院,药品质量与安全,,,
玉溪农业职业技术学院,药品经营与管理,,,
玉溪农业职业技术学院,药学,,,
玉溪农业职业技术学院,中药学,,,
玉溪农业职业技术学院,中药材生产与加工,,,
玉溪农业职业技术学院,烹饪工艺与营养,,,
玉溪农业职业技术学院,中医养生保健,,,
玉溪农业职业技术学院,婴幼儿托育服务与管理,,,
玉溪农业职业技术学院,建筑室内设计,,,
玉溪农业职业技术学院,工程造价,,,
玉溪农业职业技术学院,无人机应用技术,,,
玉溪农业职业技术学院,环境艺术设计,,,
玉溪农业职业技术学院,现代农业经济管理,,,
玉溪农业职业技术学院,大数据与财务管理,,,
玉溪农业职业技术学院,大数据与会计,,,
玉溪农业职业技术学院,市场营销,,,
玉溪农业职业技术学院,电子商务,,,
玉溪农业职业技术学院,现代物流管理,,,
玉溪农业职业技术学院,现代文秘,,,
玉溪农业职业技术学院,农业电气化技术,,,
玉溪农业职业技术学院,物联网应用技术,,,
玉溪农业职业技术学院,计算机应用技术,,,
玉溪农业职业技术学院,计算机网络技术,,,
玉溪农业职业技术学院,信息安全技术应用,,,
玉溪职业技术学院,电气自动化技术,,,
玉溪职业技术学院,数字化设计与制造技术,,,
玉溪职业技术学院,智能控制技术,,,
玉溪职业技术学院,新能源汽车检测与维修技术,,,
玉溪职业技术学院,智能网联汽车技术,,,
玉溪职业技术学院,智能建造技术,,,
玉溪职业技术学院,财税大数据应用,,,
玉溪职业技术学院,智能光电技术应用,,,
玉溪职业技术学院,人工智能技术应用,,,
玉溪职业技术学院,中医康复技术,,,
玉溪职业技术学院,康复治疗技术,,,
玉溪职业技术学院,护理,,,
玉溪职业技术学院,生物制药技术,,,
玉溪职业技术学院,食品智能加工技术,,,
玉溪职业技术学院,旅游管理,,,
玉溪职业技术学院,体育保健与康复,,,
玉溪职业技术学院,运动训练,,,
红河职业技术学院,学前教育,,,
红河职业技术学院,婴幼儿托育服务与管理,,,
红河职业技术学院,跨境电子商务,,,
红河职业技术学院,应用电子技术,,,
红河职业技术学院,生态农业技术,,,
红河职业技术学院,建筑工程技术,,,
红河职业技术学院,应急救援技术(消防),,,
红河职业技术学院,城市轨道交通运营管理(高铁),,,
红河职业技术学院,智能建造技术,,,
红河职业技术学院,机电一体化技术,,,
红河职业技术学院,烹饪工艺与营养,,,
红河职业技术学院,美容美体艺术,,,
红河职业技术学院,书画艺术,,,
红河职业技术学院,种子生产与经营,,,
红河职业技术学院,中草药栽培与加工技术,,,
红河职业技术学院,新能源汽车检测与维修技术,,,
红河职业技术学院,大数据与会计(会计),,,
红河职业技术学院,陶瓷设计与工艺(紫陶),,,
红河职业技术学院,畜牧兽医,,,
红河职业技术学院,计算机网络技术,,,
红河职业技术学院,雕塑设计,,,
红河职业技术学院,舞蹈表演,,,
红河职业技术学院,建筑消防技术,,,
红河职业技术学院,智能交通技术,,,
红河职业技术学院,民宿管理与运营,,,
红河职业技术学院,智能物流技术,,,
红河职业技术学院,生态环境修复技术,,,
红河职业技术学院,智能制造装备技术,,,
红河职业技术学院,运动训练(体育),,,
西双版纳职业技术学院,供用电技术,,,
西双版纳职业技术学院,行政管理,,,
西双版纳职业技术学院,新能源汽车技术,,,
西双版纳职业技术学院,法律事务,,,
西双版纳职业技术学院,大数据与会计,,,
西双版纳职业技术学院,国际经济与贸易,,,
西双版纳职业技术学院,酒店管理与数字化运营,,,
西双版纳职业技术学院,旅游管理,,,
西双版纳职业技术学院,应用外语(老挝语),,,
西双版纳职业技术学院,应用外语(缅句语),,,
西双版纳职业技术学院,中文,,,
西双版纳职业技术学院,应用泰语,,,
西双版纳职业技术学院,旅游英语,,,
西双版纳职业技术学院,应用英语,,,
西双版纳职业技术学院,畜牧兽医,,,
西双版纳职业技术学院,林业技术,,,
西双版纳职业技术学院,现代农业技术,,,
西双版纳职业技术学院,园艺技术,,,
西双版纳职业技术学院,植物保护与检疫技术,,,
西双版纳职业技术学院,茶叶生产与加工技术,,,
西双版纳职业技术学院,食品质量与安全,,,
西双版纳职业技术学院,跨境电子商务,,,
西双版纳职业技术学院,现代物流管理,,,
西双版纳职业技术学院,计算机应用技术,,,
西双版纳职业技术学院,数字媒体技术,,,
香格里拉职业学院,林业技术,,,
香格里拉职业学院,畜牧兽医,,,
香格里拉职业学院,康复治疗技术,,,
香格里拉职业学院,现代文秘,,,
香格里拉职业学院,旅游管理,,,
香格里拉职业学院,酒店管理与数字化运营,,,
香格里拉职业学院,绿色食品生产技术,,,
香格里拉职业学院,民族表演艺术,,,
香格里拉职业学院,新能源汽车检测与维修技术,,,
云南交通职业技术学院,土木工程检测技术,,,
云南交通职业技术学院,道路养护与管理,,,
云南交通职业技术学院,建筑材料工程技术（中外合作办学）,,,
云南交通职业技术学院,测绘工程技术,,,
云南交通职业技术学院,工程造价,,,
云南交通职业技术学院,安全技术与管理,,,
云南交通职业技术学院,智能建造技术,,,
云南交通职业技术学院,新能源汽车技术,,,
云南交通职业技术学院,智能网联汽车技术,,,
云南交通职业技术学院,汽车制造与试验技术,,,
云南交通职业技术学院,汽车检测与维修技术,,,
云南交通职业技术学院,工业互联网应用,,,
云南交通职业技术学院,智能工程机械运用技术,,,
云南交通职业技术学院,智能制造装备技术,,,
云南交通职业技术学院,工业机器人技术,,,
云南交通职业技术学院,无人机应用技术,,,
云南交通职业技术学院,大数据技术,,,
云南交通职业技术学院,物联网应用技术,,,
云南交通职业技术学院,现代通信技术,,,
云南交通职业技术学院,智能交通技术（中外）,,,
云南交通职业技术学院,嵌入式技术应用,,,
云南交通职业技术学院,现代物流管理,,,
云南交通职业技术学院,智能物流技术,,,
云南交通职业技术学院,空中乘务,,,
云南交通职业技术学院,民航安全技术管理,,,
云南交通职业技术学院,大数据与会计,,,
云南交通职业技术学院,网络营销与直播电商,,,
云南交通职业技术学院,人力资源管理,,,
云南交通职业技术学院,商务英语,,,
云南交通职业技术学院,应用泰语,,,
云南交通职业技术学院,储能材料技术,,,
云南交通职业技术学院,应用化工技术,,,
云南交通职业技术学院,分析检验技术,,,
云南交通运输职业学院,汽车技术服务与营销,,,
云南交通运输职业学院,新能源汽车技术,,,
云南交通运输职业学院,汽车制造与试验技术,,,
云南交通运输职业学院,新能源汽车检测与维修技术,,,
云南交通运输职业学院,汽车造型与改装技术,,,
云南交通运输职业学院,道路养护与管理,,,
云南交通运输职业学院,道路机械化施工技术,,,
云南交通运输职业学院,工程造价,,,
云南交通运输职业学院,土木工程检测技术,,,
云南交通运输职业学院,道路与桥梁工程技术,,,
云南交通运输职业学院,智能工程机械运用技术,,,
云南交通运输职业学院,航海技术,,,
云南交通运输职业学院,轮机工程技术,,,
云南交通运输职业学院,港口物流管理,,,
云南交通运输职业学院,港口与航运管理,,,
云南交通运输职业学院,国际邮轮乘务管理,,,
云南交通运输职业学院,飞机机电设备维修,,,
云南交通运输职业学院,无人机应用技术,,,
云南交通运输职业学院,通用航空器维修,,,
云南交通运输职业学院,民航运输服务,,,
云南交通运输职业学院,飞行器数字化制造技术,,,
云南交通运输职业学院,软件技术,,,
云南交通运输职业学院,汽车智能技术,,,
云南交通运输职业学院,大数据技术,,,
云南交通运输职业学院,智能交通技术,,,
云南交通运输职业学院,智能网联汽车技术,,,
云南交通运输职业学院,城市轨道交通运营管理,,,
云南交通运输职业学院,铁道通信与信息化技术,,,
云南交通运输职业学院,铁道车辆技术,,,
云南交通运输职业学院,铁道交通运营管理,,,
云南交通运输职业学院,智慧健康养老服务与管理,,,
云南交通运输职业学院,休闲服务与管理,,,
云南交通运输职业学院,现代家政服务与管理,,,
云南交通运输职业学院,酒店管理与数字化运营,,,
云南体育运动职业技术学院,运动训练,,,
云南体育运动职业技术学院,体育教育,,,
云南体育运动职业技术学院,民族传统体育,,,
云南体育运动职业技术学院,体育保健与康复,,,
云南体育运动职业技术学院,社会体育,,,
云南体育运动职业技术学院,健身指导与管理,,,
云南体育运动职业技术学院,运动健康指导,,,
云南体育运动职业技术学院,运动数据分析,,,
云南体育运动职业技术学院,高尔夫球运动与管理,,,
云南体育运动职业技术学院,无人机应用技术,,,
云南体育运动职业技术学院,飞行器维修技术,,,
云南体育运动职业技术学院,康复治疗技术,,,
云南体育运动职业技术学院,新闻采编与制作,,,
云南体育运动职业技术学院,食品营养与健康,,,
云南体育运动职业技术学院,休闲服务与管理,,,
云南农业职业技术学院,测绘地理信息技术,,,
云南农业职业技术学院,宠物养护与训导,,,
云南农业职业技术学院,大数据技术,,,
云南农业职业技术学院,风景园林设计,,,
云南农业职业技术学院,工程测量技术,,,
云南农业职业技术学院,工程造价,,,
云南农业职业技术学院,花卉生产与花艺,,,
云南农业职业技术学院,环境艺术设计,,,
云南农业职业技术学院,供应链运营,,,
云南农业职业技术学院,计算机网络技术,,,
云南农业职业技术学院,计算机应用技术,,,
云南农业职业技术学院,酒店管理与数字化运营,,,
云南农业职业技术学院,冷链物流技术与管理,,,
云南农业职业技术学院,林业技术,,,
云南农业职业技术学院,农产品加工与质量检测,,,
云南农业职业技术学院,烹饪工艺与营养,,,
云南农业职业技术学院,汽车检测与维修技术,,,
云南农业职业技术学院,食品质量与安全,,,
云南农业职业技术学院,市场营销,,,
云南农业职业技术学院,水产养殖技术,,,
云南农业职业技术学院,现代农业经济管理,,,
云南农业职业技术学院,行政管理,,,
云南农业职业技术学院,烟草栽培与加工技术,,,
云南农业职业技术学院,药品经营与管理,,,
云南农业职业技术学院,药品生产技术,,,
云南农业职业技术学院,园林技术,,,
云南国土资源职业学院,测绘地理信息技术,,,
云南国土资源职业学院,地籍测绘与土地管理,,,
云南国土资源职业学院,国土空间规划与测绘,,,
云南国土资源职业学院,导航与位置服务,,,
云南国土资源职业学院,摄影测量与遥感技术,,,
云南国土资源职业学院,测绘工程技术,,,
云南国土资源职业学院,数控技术,,,
云南国土资源职业学院,汽车电子技术,,,
云南国土资源职业学院,工业机器人技术,,,
云南国土资源职业学院,智能控制技术,,,
云南国土资源职业学院,土木工程检测技术,,,
云南国土资源职业学院,建筑材料工程技术,,,
云南国土资源职业学院,地下与隧道工程技术,,,
云南国土资源职业学院,建设工程管理,,,
云南国土资源职业学院,建筑装饰工程技术,,,
云南国土资源职业学院,数字媒体技术,,,
云南国土资源职业学院,全媒体广告策划与营销,,,
云南国土资源职业学院,移动互联应用技术,,,
云南国土资源职业学院,统计与会计核算,,,
云南国土资源职业学院,市场营销,,,
云南国土资源职业学院,跨境电子商务,,,
云南国土资源职业学院,宝玉石鉴定与加工,,,
云南国土资源职业学院,雕刻艺术设计,,,
云南国土资源职业学院,首饰设计与工艺,,,
云南国土资源职业学院,旅游管理,,,
云南国土资源职业学院,酒店管理与数字化运营,,,
云南国土资源职业学院,休闲服务与管理,,,
云南国土资源职业学院,智慧健康养老服务与管理,,,
云南国土资源职业学院,地质调查与矿产普查,,,
云南国土资源职业学院,地质灾害调查与防治,,,
云南国土资源职业学院,环境工程技术,,,
云南国土资源职业学院,生态环境修复技术,,,
云南国防工业职业技术学院,数控技术,,,
云南国防工业职业技术学院,机电一体化技术,,,
云南国防工业职业技术学院,电气自动化技术,,,
云南国防工业职业技术学院,新能源汽车技术,,,
云南国防工业职业技术学院,智能焊接技术,,,
云南国防工业职业技术学院,人工智能技术应用,,,
云南国防工业职业技术学院,计算机应用技术,,,
云南国防工业职业技术学院,物联网应用技术,,,
云南国防工业职业技术学院,数字媒体技术,,,
云南国防工业职业技术学院,市场营销,,,
云南国防工业职业技术学院,电子商务,,,
云南国防工业职业技术学院,现代物流管理,,,
云南国防工业职业技术学院,大数据与会计,,,
云南国防工业职业技术学院,大数据与审计,,,
云南国防工业职业技术学院,旅游管理,,,
云南国防工业职业技术学院,酒店管理与数字化运营,,,
云南国防工业职业技术学院,应用泰语,,,
云南国防工业职业技术学院,建筑工程技术,,,
云南国防工业职业技术学院,工程造价,,,
云南国防工业职业技术学院,应用化工技术,,,
云南国防工业职业技术学院,化工智能制造技术,,,
云南国防工业职业技术学院,药品生产技术,,,
云南国防工业职业技术学院,社会体育,,,
云南国防工业职业技术学院,休闲体育,,,
云南国防工业职业技术学院,现代通信技术,,,
云南国防工业职业技术学院,智能光电技术应用,,,
云南国防工业职业技术学院,智能产品开发与应用,,,
云南国防工业职业技术学院,眼视光技术,,,
云南国防工业职业技术学院,康复治疗技术,,,
云南文化艺术职业学院,播音与主持,,,
云南文化艺术职业学院,导游,,,
云南文化艺术职业学院,歌舞表演,,,
云南文化艺术职业学院,广播影视节目制作,,,
云南文化艺术职业学院,酒店管理与数字化运营,,,
云南文化艺术职业学院,国际标准舞,,,
云南文化艺术职业学院,健身指导与管理,,,
云南文化艺术职业学院,空中乘务,,,
云南文化艺术职业学院,旅游管理,,,
云南文化艺术职业学院,烹饪工艺与营养,,,
云南文化艺术职业学院,汽车制造与试验技术,,,
云南文化艺术职业学院,人工智能技术应用,,,
云南文化艺术职业学院,人物形象设计,,,
云南文化艺术职业学院,融媒体技术与运营,,,
云南文化艺术职业学院,软件技术,,,
云南文化艺术职业学院,视觉传达设计,,,
云南文化艺术职业学院,书画艺术,,,
云南文化艺术职业学院,数字媒体艺术设计,,,
云南文化艺术职业学院,体育保健与康复,,,
云南文化艺术职业学院,网络营销与直播电商,,,
云南文化艺术职业学院,无人机应用技术,,,
云南文化艺术职业学院,舞蹈编导,,,
云南文化艺术职业学院,舞蹈表演,,,
云南文化艺术职业学院,舞蹈教育,,,
云南文化艺术职业学院,学前教育,,,
云南文化艺术职业学院,研学旅行管理与服务,,,
云南文化艺术职业学院,艺术教育,,,
云南文化艺术职业学院,音乐表演(器乐),,,
云南文化艺术职业学院,音乐表演(声乐),,,
云南文化艺术职业学院,婴幼儿托育服务与管理,,,
云南文化艺术职业学院,早期教育,,,
云南旅游职业学院,导游,,,
云南旅游职业学院,旅游管理,,,
云南旅游职业学院,智慧景区开发与管理,,,
云南旅游职业学院,研学旅行管理与服务,,,
云南旅游职业学院,智慧旅游技术应用,,,
云南旅游职业学院,会展策划与管理,,,
云南旅游职业学院,酒店管理与数字化运营,,,
云南旅游职业学院,茶艺与茶文化,,,
云南旅游职业学院,婚庆服务与管理,,,
云南旅游职业学院,国际邮轮乘务管理,,,
云南旅游职业学院,民宿管理与运营,,,
云南旅游职业学院,休闲服务与管理,,,
云南旅游职业学院,烹饪工艺与营养,,,
云南旅游职业学院,西式烹饪工艺,,,
云南旅游职业学院,中西面点工艺,,,
云南旅游职业学院,营养配餐,,,
云南旅游职业学院,餐饮智能管理,,,
云南旅游职业学院,旅游英语,,,
云南旅游职业学院,应用泰语,,,
云南旅游职业学院,应用日语,,,
云南旅游职业学院,小学英语教育,,,
云南旅游职业学院,大数据与会计,,,
云南旅游职业学院,大数据与财务管理,,,
云南旅游职业学院,现代物流管理,,,
云南旅游职业学院,电子商务,,,
云南旅游职业学院,市场营销,,,
云南旅游职业学院,网络营销与直播电商,,,
云南旅游职业学院,空中乘务,,,
云南旅游职业学院,高速铁路客运服务,,,
云南旅游职业学院,广告艺术设计,,,
云南旅游职业学院,工艺美术品设计,,,
云南旅游职业学院,音乐教育,,,
云南旅游职业学院,民族表演艺术,,,
云南旅游职业学院,大数据技术,,,
云南旅游职业学院,软件技术,,,
云南旅游职业学院,计算机网络技术,,,
云南旅游职业学院,数字媒体技术,,,
云南旅游职业学院,工程测量技术,,,
云南旅游职业学院,宝玉石鉴定与加工,,,
云南旅游职业学院,建设工程管理,,,
云南旅游职业学院,工程造价,,,
云南旅游职业学院,建筑装饰工程技术,,,
云南旅游职业学院,无人机应用技术,,,
云南机电职业技术学院,材料成型及控制技术,,,
云南机电职业技术学院,产品艺术设计,,,
云南机电职业技术学院,大数据技术,,,
云南机电职业技术学院,电力系统继电保护技术,,,
云南机电职业技术学院,电气自动化技术,,,
云南机电职业技术学院,电子商务,,,
云南机电职业技术学院,飞机机电设备维修,,,
云南机电职业技术学院,飞机部件修理,,,
云南机电职业技术学院,飞机机载设备装配调试技术,,,
云南机电职业技术学院,分布式发电与智能微电网技术,,,
云南机电职业技术学院,供用电技术,,,
云南机电职业技术学院,机电设备技术,,,
云南机电职业技术学院,机电一体化技术,,,
云南机电职业技术学院,计算机应用技术,,,
云南机电职业技术学院,建设工程管理,,,
云南机电职业技术学院,建筑电气工程技术,,,
云南机电职业技术学院,建筑动画技术,,,
云南机电职业技术学院,粮食工程技术与管理,,,
云南机电职业技术学院,民航运输服务,,,
云南机电职业技术学院,模具设计与制造,,,
云南机电职业技术学院,烹饪工艺与营养,,,
云南机电职业技术学院,汽车电子技术,,,
云南机电职业技术学院,汽车制造与试验技术,,,
云南机电职业技术学院,人工智能技术应用,,,
云南机电职业技术学院,融媒体技术与运营,,,
云南机电职业技术学院,食品检验检测技术,,,
云南机电职业技术学院,食品贮运与营销,,,
云南机电职业技术学院,市场营销,,,
云南机电职业技术学院,数控技术,,,
云南机电职业技术学院,数字媒体技术,,,
云南机电职业技术学院,无人机应用技术,,,
云南机电职业技术学院,现代物业管理,,,
云南机电职业技术学院,应用电子技术,,,
云南机电职业技术学院,应用越南语,,,
云南机电职业技术学院,智能控制技术,,,
云南机电职业技术学院,智能工程机械运用技术,,,
云南林业职业技术学院,中草药栽培与加工技术,,,
云南林业职业技术学院,林业技术,,,
云南林业职业技术学院,经济林培育与利用,,,
云南林业职业技术学院,森林和草原资源保护,,,
云南林业职业技术学院,野生动植物资源保护与利用,,,
云南林业职业技术学院,自然保护地建设与管理,,,
云南林业职业技术学院,林业信息技术应用,,,
云南林业职业技术学院,森林草原防火技术,,,
云南林业职业技术学院,环境监测技术,,,
云南林业职业技术学院,环境工程技术,,,
云南林业职业技术学院,环境管理与评价,,,
云南林业职业技术学院,生态环境修复技术,,,
云南林业职业技术学院,木业产品设计与制造,,,
云南林业职业技术学院,建筑室内设计,,,
云南林业职业技术学院,建筑工程技术,,,
云南林业职业技术学院,家具设计与制造,,,
云南林业职业技术学院,道路与桥梁工程技术,,,
云南林业职业技术学院,环境艺术设计,,,
云南林业职业技术学院,汽车检测与维修技术,,,
云南林业职业技术学院,新能源汽车检测与维修技术,,,
云南林业职业技术学院,汽车电子技术,,,
云南林业职业技术学院,无人机应用技术,,,
云南林业职业技术学院,园艺技术,,,
云南林业职业技术学院,园林技术,,,
云南林业职业技术学院,花卉生产与花艺,,,
云南林业职业技术学院,园林工程技术,,,
云南林业职业技术学院,风景园林设计,,,
云南林业职业技术学院,城乡规划,,,
云南林业职业技术学院,物联网应用技术,,,
云南林业职业技术学院,计算机应用技术,,,
云南林业职业技术学院,计算机网络技术,,,
云南林业职业技术学院,数字媒体技术,,,
云南林业职业技术学院,现代农业经济管理,,,
云南林业职业技术学院,大数据与财务管理,,,
云南林业职业技术学院,大数据与会计,,,
云南林业职业技术学院,市场营销,,,
云南林业职业技术学院,现代物流管理,,,
云南林业职业技术学院,森林生态旅游与康养,,,
云南林业职业技术学院,婴幼儿托育服务与管理,,,
云南林业职业技术学院,酒店管理与数字化运营,,,
云南林业职业技术学院,休闲服务与管理,,,
云南林业职业技术学院,现代文秘,,,
云南林业职业技术学院,大数据技术,,,
云南林业职业技术学院,广告艺术设计,,,
云南林业职业技术学院,云计算技术应用,,,
云南林业职业技术学院,信息安全技术应用,,,
云南水利水电职业学院,机电排灌工程技术,,,
云南水利水电职业学院,岩土工程技术,,,
云南水利水电职业学院,水文与水资源技术,,,
云南水利水电职业学院,水利水电工程技术,,,
云南水利水电职业学院,水生态修复技术,,,
云南水利水电职业学院,分布式发电与智能微电网技术,,,
云南水利水电职业学院,水利水电建筑工程,,,
云南水利水电职业学院,水利工程,,,
云南水利水电职业学院,智慧水利技术,,,
云南水利水电职业学院,水环境智能监测与治理,,,
云南水利水电职业学院,工业机器人技术,,,
云南水利水电职业学院,输配电工程技术,,,
云南水利水电职业学院,水电站运行与智能管理,,,
云南水利水电职业学院,供用电技术,,,
云南水利水电职业学院,电气自动化技术,,,
云南水利水电职业学院,发电厂及电力系统,,,
云南水利水电职业学院,电力系统自动化技术,,,
云南水利水电职业学院,智能控制技术,,,
云南水利水电职业学院,智慧城市管理技术,,,
云南水利水电职业学院,建筑钢结构工程技术,,,
云南水利水电职业学院,给排水工程技术,,,
云南水利水电职业学院,市政工程技术,,,
云南水利水电职业学院,建筑工程技术,,,
云南水利水电职业学院,道路与桥梁工程技术,,,
云南水利水电职业学院,工程测量技术,,,
云南水利水电职业学院,建设工程监理,,,
云南水利水电职业学院,装配式建筑工程技术,,,
云南水利水电职业学院,安全技术与管理,,,
云南水利水电职业学院,智能水务管理,,,
云南水利水电职业学院,水利水电工程智能管理,,,
云南水利水电职业学院,工程造价,,,
云南水利水电职业学院,跨境电子商务,,,
云南水利水电职业学院,网络营销与直播电商,,,
云南水利水电职业学院,商务数据分析与应用,,,
云南水利水电职业学院,嵌入式技术应用,,,
云南水利水电职业学院,数字媒体技术,,,
云南水利水电职业学院,大数据技术,,,
云南水利水电职业学院,虚拟现实技术应用,,,
云南水利水电职业学院,人工智能技术应用,,,
云南水利水电职业学院,物联网应用技术,,,
云南财经职业学院,大数据与会计,,,
云南财经职业学院,大数据与财务管理,,,
云南财经职业学院,会计信息管理,,,
云南财经职业学院,大数据与审计,,,
云南财经职业学院,统计与会计核算,,,
云南财经职业学院,现代物流管理,,,
云南财经职业学院,电子商务,,,
云南财经职业学院,市场营销,,,
云南财经职业学院,网络营销与直播电商,,,
云南财经职业学院,跨境电子商务,,,
云南财经职业学院,连锁经营与管理,,,
云南财经职业学院,关务与外贸服务,,,
云南财经职业学院,计算机应用技术,,,
云南财经职业学院,数字媒体技术,,,
云南财经职业学院,信息安全技术应用,,,
云南财经职业学院,大数据技术,,,
云南财经职业学院,区块链技术应用,,,
云南财经职业学院,金融服务与管理,,,
云南财经职业学院,财税大数据应用,,,
云南财经职业学院,财富管理,,,
云南财经职业学院,资产评估与管理,,,
云南财经职业学院,政府采购与管理,,,
云南财经职业学院,婴幼儿托育服务与管理,,,
云南财经职业学院,健康管理,,,
云南财经职业学院,智慧旅游技术应用,,,
昆明冶金高等专科学校,钢铁智能冶金技术,,,
昆明冶金高等专科学校,金属智能加工技术,,,
昆明冶金高等专科学校,材料成型及控制技术,,,
昆明冶金高等专科学校,储能材料技术,,,
昆明冶金高等专科学校,矿山智能开采技术,,,
昆明冶金高等专科学校,矿物加工技术,,,
昆明冶金高等专科学校,工程地质勘查,,,
昆明冶金高等专科学校,测绘工程技术(中白合作办学)(中白),,,
昆明冶金高等专科学校,工业机器人技术,,,
昆明冶金高等专科学校,数控技术,,,
昆明冶金高等专科学校,机电设备技术,,,
昆明冶金高等专科学校,城市轨道交通机电技术,,,
昆明冶金高等专科学校,机械制造及自动化(中外合作办学)(中德）,,,
昆明冶金高等专科学校,电气自动化技术(中外合作办学)(中德）,,,
昆明冶金高等专科学校,机电一体化技术(中外合作办学)(中加),,,
昆明冶金高等专科学校,智能网联汽车技术,,,
昆明冶金高等专科学校,硅材料制备技术,,,
昆明冶金高等专科学校,建筑材料工程技术,,,
昆明冶金高等专科学校,城乡规划,,,
昆明冶金高等专科学校,智能建造技术,,,
昆明冶金高等专科学校,食品智能加工技术,,,
昆明冶金高等专科学校,给排水工程技术,,,
昆明冶金高等专科学校,化工生物技术,,,
昆明冶金高等专科学校,应用化工技术,,,
昆明冶金高等专科学校,分析检验技术,,,
昆明冶金高等专科学校,环境工程技术(中外合作办学)（中白）,,,
昆明冶金高等专科学校,软件技术,,,
昆明冶金高等专科学校,人工智能技术,,,
昆明冶金高等专科学校,大数据技术,,,
昆明冶金高等专科学校,现代通信技术,,,
昆明冶金高等专科学校,信息安全技术应用,,,
昆明冶金高等专科学校,计算机网络技术,,,
昆明冶金高等专科学校,物联网应用技术,,,
昆明冶金高等专科学校,连锁经营与管理,,,
昆明冶金高等专科学校,市场营销,,,
昆明冶金高等专科学校,电子商务,,,
昆明冶金高等专科学校,跨境电子商务,,,
昆明冶金高等专科学校,物流工程技术,,,
昆明冶金高等专科学校,现代物流管理,,,
昆明冶金高等专科学校,旅游管理,,,
昆明冶金高等专科学校,大数据与会计(中外合作办学)中加),,,
昆明冶金高等专科学校,应用英语,,,
昆明冶金高等专科学校,宝玉石鉴定与加工,,,
昆明工业职业技术学院,电气自动化技术,,,
昆明工业职业技术学院,智能控制技术,,,
昆明工业职业技术学院,工业互联网应用,,,
昆明工业职业技术学院,电力系统自动化技术,,,
昆明工业职业技术学院,供用电技术,,,
昆明工业职业技术学院,工业机器人技术,,,
昆明工业职业技术学院,数控技术,,,
昆明工业职业技术学院,机电设备技术,,,
昆明工业职业技术学院,智能焊接技术,,,
昆明工业职业技术学院,机械制造及自动化,,,
昆明工业职业技术学院,数字化设计与制造技术,,,
昆明工业职业技术学院,计算机网络技术,,,
昆明工业职业技术学院,信息安全技术应用,,,
昆明工业职业技术学院,广告艺术设计,,,
昆明工业职业技术学院,电子商务,,,
昆明工业职业技术学院,大数据技术,,,
昆明工业职业技术学院,钢铁智能冶金技术,,,
昆明工业职业技术学院,材料成型及控制技术,,,
昆明工业职业技术学院,分析检验技术,,,
昆明工业职业技术学院,应用化工技术,,,
昆明工业职业技术学院,材料工程技术,,,
昆明工业职业技术学院,金属智能加工技术,,,
昆明工业职业技术学院,矿山智能开采技术,,,
昆明工业职业技术学院,资源综合利用技术,,,
昆明工业职业技术学院,建筑钢结构工程技术,,,
昆明工业职业技术学院,建筑工程技术,,,
昆明工业职业技术学院,工程造价,,,
昆明工业职业技术学院,工程测量技术,,,
昆明工业职业技术学院,道路与桥梁工程技术,,,
昆明工业职业技术学院,智能建造技术,,,
昆明工业职业技术学院,大数据与会计,,,
昆明工业职业技术学院,统计与会计核算,,,
昆明工业职业技术学院,现代物业管理,,,
昆明工业职业技术学院,网络营销与直播电商,,,
昆明工业职业技术学院,市场营销,,,
昆明工业职业技术学院,人力资源管理,,,
昆明工业职业技术学院,学前教育,,,
昆明工业职业技术学院,康复治疗技术,,,
昆明工业职业技术学院,智慧健康养老服务与管理,,,
昆明工业职业技术学院,早期教育,,,
昆明工业职业技术学院,健康管理,,,
昆明工业职业技术学院,现代物流管理,,,
昆明工业职业技术学院,汽车制造与试验技术,,,
昆明工业职业技术学院,新能源汽车技术,,,
昆明工业职业技术学院,汽车检测与维修技术,,,
昆明工业职业技术学院,供应链运营,,,
昆明幼儿师范高等专科学校,学前教育,,,
昆明幼儿师范高等专科学校,早期教育,,,
昆明幼儿师范高等专科学校,音乐教育,,,
昆明幼儿师范高等专科学校,美术教育,,,
昆明幼儿师范高等专科学校,体育教育,,,
昆明幼儿师范高等专科学校,婴幼儿托育服务与管理,,,
昆明幼儿师范高等专科学校,舞蹈表演,,,
昆明幼儿师范高等专科学校,艺术设计,,,
昆明幼儿师范高等专科学校,数字媒体艺术设计,,,
昆明幼儿师范高等专科学校,智慧健康养老服务与管理,,,
昆明幼儿师范高等专科学校,健康管理,,,
昆明幼儿师范高等专科学校,人力资源管理,,,
昆明幼儿师范高等专科学校,现代物流管理,,,
昆明幼儿师范高等专科学校,大数据与财务管理,,,
昆明幼儿师范高等专科学校,电子商务,,,
昆明幼儿师范高等专科学校,商务数据分析与应用,,,
昆明幼儿师范高等专科学校,中小企业创业与经营,,,
昆明幼儿师范高等专科学校,社会体育,,,
昆明幼儿师范高等专科学校,食品营养与健康,,,
昆明幼儿师范高等专科学校,老年保健与管理,,,
昆明幼儿师范高等专科学校,网络直播与运营,,,
昆明铁道职业技术学院,铁道机车运用与维护,,,
昆明铁道职业技术学院,铁道车辆技术,,,
昆明铁道职业技术学院,动车组检修技术,,,
昆明铁道职业技术学院,城市轨道车辆应用技术,,,
昆明铁道职业技术学院,工程测量技术,,,
昆明铁道职业技术学院,铁道工程技术,,,
昆明铁道职业技术学院,铁道供电技术,,,
昆明铁道职业技术学院,铁道信号自动控制,,,
昆明铁道职业技术学院,铁道交通运营管理,,,
昆明铁道职业技术学院,城市轨道交通运营管理,,,
昆明铁道职业技术学院,铁路物流管理,,,
昆明铁道职业技术学院,智能物流技术,,,
昆明铁道职业技术学院,智能焊接技术,,,
昆明铁道职业技术学院,制冷与空调技术,,,
昆明铁道职业技术学院,智能控制技术,,,
昆明铁道职业技术学院,铁道机车车辆制造与维护,,,
昆明铁道职业技术学院,铁道养路机械应用技术,,,
昆明铁道职业技术学院,城市轨道交通机电技术,,,
昆明铁道职业技术学院,铁道通信与信息化技术,,,
昆明铁道职业技术学院,现代通信技术,,,
昆明铁道职业技术学院,智能互联网络技术,,,
昆明铁道职业技术学院,电信服务与管理,,,
昆明铁道职业技术学院,大数据技术,,,
大理农林职业技术学院,林业技术,,,
大理农林职业技术学院,园林技术,,,
大理农林职业技术学院,园艺技术,,,
大理农林职业技术学院,植物保护与检疫技术,,,
大理农林职业技术学院,中草药栽培与加工技术,,,
大理农林职业技术学院,作物生产与经营管理,,,
大理农林职业技术学院,宠物养护与驯导,,,
大理农林职业技术学院,宠物医疗技术,,,
大理农林职业技术学院,畜牧兽医,,,
大理农林职业技术学院,动物医学,,,
大理农林职业技术学院,计算机网络技术,,,
大理农林职业技术学院,烹饪工艺与营养,,,
大理农林职业技术学院,汽车检测与维修技术,,,
大理农林职业技术学院,食品生物技术,,,
大理农林职业技术学院,食品质量与安全,,,
大理农林职业技术学院,数字媒体技术,,,
大理农林职业技术学院,新能源汽车技术,,,
大理农林职业技术学院,药品经营与管理,,,
大理农林职业技术学院,大数据与财务管理,,,
大理农林职业技术学院,生态农业技术,,,
大理农林职业技术学院,水利工程,,,
大理农林职业技术学院,大数据与会计,,,
大理农林职业技术学院,高速铁路客运服务,,,
大理农林职业技术学院,旅游管理,,,
大理农林职业技术学院,市场营销,,,
云南三鑫职业技术学院,护理,,,
云南三鑫职业技术学院,药学,,,
云南三鑫职业技术学院,医学影像技术,,,
云南三鑫职业技术学院,口腔医学技术,,,
云南三鑫职业技术学院,助产,,,
云南三鑫职业技术学院,医学检验技术,,,
云南三鑫职业技术学院,中医康复技术,,,
云南三鑫职业技术学院,中药学,,,
云南三鑫职业技术学院,动物医学,,,
云南三鑫职业技术学院,建筑工程技术,,,
云南三鑫职业技术学院,建筑室内设计,,,
云南三鑫职业技术学院,工程造价,,,
云南三鑫职业技术学院,供用电技术,,,
云南三鑫职业技术学院,汽车制造与试验技术,,,
云南三鑫职业技术学院,新能源汽车检测与维修技术,,,
云南三鑫职业技术学院,城市轨道交通运营管理,,,
云南三鑫职业技术学院,大数据与财务管理,,,
云南三鑫职业技术学院,大数据与会计,,,
云南三鑫职业技术学院,电子商务,,,
云南三鑫职业技术学院,光伏工程技术,,,
云南三鑫职业技术学院,智能网联汽车技术,,,
云南三鑫职业技术学院,学前教育,,,
云南三鑫职业技术学院,空中乘务,,,
云南三鑫职业技术学院,影视动画,,,
云南三鑫职业技术学院,社会体育,,,
云南三鑫职业技术学院,人物形象设计,,,
云南三鑫职业技术学院,民族表演艺术,,,
云南三鑫职业技术学院,融媒体技术与运营,,,
云南医药健康职业学院,口腔医学,,,
云南医药健康职业学院,口腔医学技术,,,
云南医药健康职业学院,护理,,,
云南医药健康职业学院,助产,,,
云南医药健康职业学院,婴幼儿托育服务与管理,,,
云南医药健康职业学院,医学美容技术,,,
云南医药健康职业学院,针灸推拿,,,
云南医药健康职业学院,康复治疗技术,,,
云南医药健康职业学院,中医康复技术,,,
云南医药健康职业学院,中医养生保健,,,
云南医药健康职业学院,体育保健与康复,,,
云南医药健康职业学院,运动训练,,,
云南医药健康职业学院,临床医学,,,
云南医药健康职业学院,健康管理,,,
云南医药健康职业学院,公共卫生管理,,,
云南医药健康职业学院,眼视光技术,,,
云南医药健康职业学院,医学检验技术,,,
云南医药健康职业学院,医学影像技术,,,
云南医药健康职业学院,卫生检验与检疫技术,,,
云南医药健康职业学院,放射治疗技术,,,
云南医药健康职业学院,智能医疗装备技术,,,
云南医药健康职业学院,药学,,,
云南医药健康职业学院,中药学,,,
云南商务职业学院,医学检验技术,,,
云南商务职业学院,医学影像技术,,,
云南商务职业学院,康复治疗技术,,,
云南商务职业学院,烹饪工艺与营养,,,
云南商务职业学院,社会体育,,,
云南商务职业学院,智慧健康养老服务与管理,,,
云南商务职业学院,社区康复,,,
云南商务职业学院,护理,,,
云南商务职业学院,婴幼儿托育服务与管理,,,
云南商务职业学院,大数据与财务管理,,,
云南商务职业学院,大数据与会计,,,
云南商务职业学院,中小企业创业与经营,,,
云南商务职业学院,跨境电子商务,,,
云南商务职业学院,网络营销与直播电商,,,
云南商务职业学院,高速铁路客运服务,,,
云南商务职业学院,空中乘务,,,
云南商务职业学院,旅游管理,,,
云南商务职业学院,酒店管理与数字化运营,,,
云南商务职业学院,城市轨道交通运营管理,,,
云南商务职业学院,汽车检测与维修技术,,,
云南商务职业学院,新能源汽车检测与维修技术,,,
云南商务职业学院,移动应用开发,,,
云南商务职业学院,人工智能数据工程技术,,,
云南商务职业学院,软件技术,,,
云南商务职业学院,安全技术与管理,,,
云南商务职业学院,安全智能监测技术,,,
云南商务职业学院,应急救援技术,,,
云南商务职业学院,建筑消防技术,,,
云南商务职业学院,法律事务,,,
云南商务职业学院,建筑室内设计,,,
云南商务职业学院,工程造价,,,
云南商务职业学院,建设工程管理,,,
云南商务职业学院,环境艺术设计,,,
云南商务职业学院,电子商务,,,
云南商务职业学院,商务数据分析与应用,,,
云南商务职业学院,现代物流管理,,,
云南商务职业学院,新闻采编与制作,,,
云南商务职业学院,影视多媒体技术,,,
云南城市建设职业学院,建筑室内设计,,,
云南城市建设职业学院,建筑工程技术,,,
云南城市建设职业学院,视觉传达设计,,,
云南城市建设职业学院,建筑设计,,,
云南城市建设职业学院,工程测量技术,,,
云南城市建设职业学院,工程造价,,,
云南城市建设职业学院,城乡规划,,,
云南城市建设职业学院,水利水电建筑工程,,,
云南城市建设职业学院,建设工程管理,,,
云南城市建设职业学院,建筑消防技术,,,
云南城市建设职业学院,广告艺术设计,,,
云南城市建设职业学院,智能建造技术,,,
云南城市建设职业学院,应急救援技术,,,
云南城市建设职业学院,建筑智能化工程技术,,,
云南城市建设职业学院,护理,,,
云南城市建设职业学院,动物医学,,,
云南城市建设职业学院,口腔医学技术,,,
云南城市建设职业学院,医学美容技术,,,
云南城市建设职业学院,药品经营与管理,,,
云南城市建设职业学院,婴幼儿托育服务与管理,,,
云南城市建设职业学院,烹饪工艺与营养,,,
云南城市建设职业学院,中西面点工艺,,,
云南城市建设职业学院,学前教育,,,
云南城市建设职业学院,中文,,,
云南城市建设职业学院,大数据与会计,,,
云南城市建设职业学院,大数据与财务管理,,,
云南城市建设职业学院,体育运营与管理,,,
云南城市建设职业学院,中小企业创业与经营,,,
云南城市建设职业学院,法律事务,,,
云南城市建设职业学院,工商企业管理,,,
云南城市建设职业学院,计算机应用技术,,,
云南城市建设职业学院,现代移动通信技术,,,
云南城市建设职业学院,大数据技术,,,
云南城市建设职业学院,电子商务,,,
云南城市建设职业学院,汽车检测与维修技术,,,
云南城市建设职业学院,新能源汽车检测与维修技术,,,
云南城市建设职业学院,城市轨道交通运营管理,,,
云南城市建设职业学院,城市轨道交通工程技术,,,
云南城市建设职业学院,民航安全技术管理,,,
云南城市建设职业学院,网络营销与直播电商,,,
云南城市建设职业学院,人工智能技术应用,,,
云南城市建设职业学院,信息安全技术应用,,,
云南外事外语职业学院,应用泰语,,,
云南外事外语职业学院,应用韩语,,,
云南外事外语职业学院,应用越南语,,,
云南外事外语职业学院,应用外语(缅甸语),,,
云南外事外语职业学院,应用外语(老挝语),,,
云南外事外语职业学院,应用日语,,,
云南外事外语职业学院,商务英语,,,
云南外事外语职业学院,空中乘务,,,
云南外事外语职业学院,城市轨道交通运营管理,,,
云南外事外语职业学院,护理,,,
云南外事外语职业学院,老年保健与管理,,,
云南外事外语职业学院,智慧健康养老服务与管理,,,
云南外事外语职业学院,医养照护服务,,,
云南外事外语职业学院,学前教育,,,
云南外事外语职业学院,中文,,,
云南外事外语职业学院,社会体育,,,
云南外事外语职业学院,戏剧影视表演,,,
云南外事外语职业学院,婴幼儿托育服务与管理,,,
云南外事外语职业学院,工程造价,,,
云南外事外语职业学院,建筑室内设计,,,
云南外事外语职业学院,水利水电建筑工程,,,
云南外事外语职业学院,新能源汽车检测与维修技术,,,
云南外事外语职业学院,城市轨道交通工程技术,,,
云南外事外语职业学院,电子商务,,,
云南外事外语职业学院,大数据与会计,,,
云南外事外语职业学院,建设工程管理,,,
云南外事外语职业学院,光伏工程技术,,,
云南外事外语职业学院,影视动画,,,
云南外事外语职业学院,跨境电子商务,,,
云南外事外语职业学院,现代通信技术,,,
云南外事外语职业学院,安全防范技术,,,
云南外事外语职业学院,建筑消防技术,,,
云南外事外语职业学院,美容美体艺术,,,
云南工程职业学院,电气自动化技术,,,
云南工程职业学院,机电一体化技术,,,
云南工程职业学院,新能源汽车技术,,,
云南工程职业学院,口腔医学技术,,,
云南工程职业学院,护理,,,
云南工程职业学院,计算机网络技术,,,
云南工程职业学院,医学影像技术,,,
云南工程职业学院,建筑室内设计,,,
云南工程职业学院,康复治疗技术,,,
云南工程职业学院,水利水电建筑工程,,,
云南工程职业学院,高速铁路客运服务,,,
云南工程职业学院,大数据与会计,,,
云南工程职业学院,中文,,,
云南工程职业学院,建筑消防技术,,,
云南工程职业学院,建筑工程技术,,,
云南工程职业学院,工程造价,,,
云南工程职业学院,工业机器人技术,,,
云南新兴职业学院,针灸推拿(国控专业),,,
云南新兴职业学院,口腔医学技术(现代学徒制),,,
云南新兴职业学院,康复治疗技术,,,
云南新兴职业学院,医学影像技术,,,
云南新兴职业学院,医学检验技术,,,
云南新兴职业学院,中医养生保健,,,
云南新兴职业学院,口腔卫生保健,,,
云南新兴职业学院,护理(国控专业),,,
云南新兴职业学院,助产,,,
云南新兴职业学院,动物医学,,,
云南新兴职业学院,呼吸治疗技术,,,
云南新兴职业学院,智慧健康养老服务与管理,,,
云南新兴职业学院,中药学(现代学徒制),,,
云南新兴职业学院,医学美容技术(现代学徒制),,,
云南新兴职业学院,药学,,,
云南新兴职业学院,动物药学,,,
云南新兴职业学院,药品经营与管理,,,
云南新兴职业学院,中草药栽培与加工技术,,,
云南新兴职业学院,医疗器械维护与管理,,,
云南新兴职业学院,中药材生产与加工,,,
云南新兴职业学院,大数据技术,,,
云南新兴职业学院,云计算技术应用,,,
云南新兴职业学院,软件技术,,,
云南新兴职业学院,物联网应用技术,,,
云南新兴职业学院,低空安全与技术,,,
云南新兴职业学院,学前教育(国控专业、现代学徒制),,,
云南新兴职业学院,艺术教育(国控专业),,,
云南新兴职业学院,现代殡葬技术与管理(现代学徒制),,,
云南新兴职业学院,婴幼儿托育服务与管理(现代学徒制),,,
云南新兴职业学院,建筑工程技术(现代学徒制),,,
云南新兴职业学院,建筑消防技术,,,
云南新兴职业学院,空中乘务,,,
云南新兴职业学院,应急救援技术,,,
云南新兴职业学院,音乐表演,,,
云南新兴职业学院,高速铁路客运服务,,,
云南新兴职业学院,农村电子商务,,,
云南理工职业学院,工程测量技术,,,
云南理工职业学院,光伏工程技术,,,
云南理工职业学院,风力发电工程技术,,,
云南理工职业学院,建筑室内设计,,,
云南理工职业学院,建筑工程技术,,,
云南理工职业学院,建筑消防技术,,,
云南理工职业学院,工程造价,,,
云南理工职业学院,机电设备技术,,,
云南理工职业学院,电梯工程技术,,,
云南理工职业学院,工业机器人技术,,,
云南理工职业学院,无人机应用技术,,,
云南理工职业学院,新能源汽车技术,,,
云南理工职业学院,智能网联汽车技术,,,
云南理工职业学院,城市轨道车辆应用技术,,,
云南理工职业学院,城市轨道交通机电技术,,,
云南理工职业学院,城市轨道交通通信信号技术,,,
云南理工职业学院,城市轨道交通运营管理,,,
云南理工职业学院,计算机网络技术,,,
云南理工职业学院,软件技术,,,
云南理工职业学院,大数据技术,,,
云南理工职业学院,信息安全技术应用,,,
云南理工职业学院,婴幼儿托育服务与管理,,,
云南理工职业学院,大数据与财务管理,,,
云南理工职业学院,大数据与审计,,,
云南理工职业学院,跨境电子商务,,,
云南理工职业学院,旅游管理,,,
云南理工职业学院,烹饪工艺与营养,,,
云南理工职业学院,数字媒体艺术设计,,,
云南理工职业学院,学前教育,,,
云南理工职业学院,休闲体育,,,
云南理工职业学院,运动训练,,,
云南科技信息职业学院,计算机应用技术,,,
云南科技信息职业学院,软件技术,,,
云南科技信息职业学院,计算机网络技术,,,
云南科技信息职业学院,电子信息工程技术,,,
云南科技信息职业学院,现代通信技术,,,
云南科技信息职业学院,高速铁路客运服务,,,
云南科技信息职业学院,汽车技术服务与营销,,,
云南科技信息职业学院,机场运行服务与管理,,,
云南科技信息职业学院,民航运输服务,,,
云南科技信息职业学院,数控技术,,,
云南科技信息职业学院,药品生产技术,,,
云南科技信息职业学院,药学,,,
云南科技信息职业学院,药品经营与管理,,,
云南科技信息职业学院,建筑室内设计,,,
云南科技信息职业学院,园林工程技术,,,
云南科技信息职业学院,环境艺术设计,,,
云南科技信息职业学院,建设工程管理,,,
云南科技信息职业学院,工程造价,,,
云南科技信息职业学院,市政工程技术,,,
云南科技信息职业学院,城乡规划,,,
云南科技信息职业学院,建筑消防技术,,,
云南科技信息职业学院,网络营销与直播电商,,,
云南科技信息职业学院,大数据与财务管理,,,
云南科技信息职业学院,大数据与会计,,,
云南科技信息职业学院,现代物流管理,,,
云南科技信息职业学院,市场营销,,,
云南科技信息职业学院,现代文秘,,,
云南科技信息职业学院,旅游管理,,,
云南科技信息职业学院,智慧旅游技术应用,,,
云南科技信息职业学院,数字媒体艺术设计,,,
云南科技信息职业学院,电子竞技运动与管理,,,
云南科技信息职业学院,物联网应用技术,,,
云南经贸外事职业学院,建筑工程技术,,,
云南经贸外事职业学院,工程造价,,,
云南经贸外事职业学院,中文,,,
云南经贸外事职业学院,学前教育,,,
云南经贸外事职业学院,音乐表演,,,
云南经贸外事职业学院,视觉传达设计,,,
云南经贸外事职业学院,计算机应用技术,,,
云南经贸外事职业学院,大数据与会计,,,
云南经贸外事职业学院,电子商务,,,
云南经贸外事职业学院,高速铁路客运服务,,,
云南经贸外事职业学院,烹饪工艺与营养,,,
云南经贸外事职业学院,护理,,,
云南经贸外事职业学院,智慧健康养老服务与管理,,,
云南经贸外事职业学院,汽车制造与试验技术,,,
云南经贸外事职业学院,新能源汽车技术,,,
昆明卫生职业学院,公共卫生管理,,,
昆明卫生职业学院,护理,,,
昆明卫生职业学院,康复治疗技术,,,
昆明卫生职业学院,口腔医学,,,
昆明卫生职业学院,口腔医学技术,,,
昆明卫生职业学院,口腔卫生保健,,,
昆明卫生职业学院,老年保健与管理,,,
昆明卫生职业学院,临床医学,,,
昆明卫生职业学院,卫生检验与检疫技术,,,
昆明卫生职业学院,药品质量与安全,,,
昆明卫生职业学院,药学,,,
昆明卫生职业学院,医学检验技术,,,
昆明卫生职业学院,医学美容技术,,,
昆明卫生职业学院,医学影像技术,,,
昆明卫生职业学院,婴幼儿托育服务与管理,,,
昆明卫生职业学院,预防医学,,,
昆明卫生职业学院,中药学,,,
昆明卫生职业学院,助产,,,
昆明卫生职业学院,针灸推拿,,,
昆明卫生职业学院,中医康复技术,,,
昆明卫生职业学院,中医骨伤,,,
昆明艺术职业学院,音乐表演,,,
昆明艺术职业学院,舞蹈表演,,,
昆明艺术职业学院,国际标准舞,,,
昆明艺术职业学院,学前教育,,,
昆明艺术职业学院,中文,,,
昆明艺术职业学院,运动训练,,,
昆明艺术职业学院,视觉传达设计,,,
昆明艺术职业学院,环境艺术设计,,,
昆明艺术职业学院,室内艺术设计,,,
昆明艺术职业学院,摄影与摄像艺术,,,
昆明艺术职业学院,摄影摄像技术,,,
昆明艺术职业学院,播音与主持,,,
昆明艺术职业学院,戏剧影视表演,,,
昆明艺术职业学院,影视编导,,,
昆明艺术职业学院,影视动画,,,
昆明艺术职业学院,艺术设计,,,
昆明艺术职业学院,建筑室内设计,,,
昆明艺术职业学院,高速铁路客运服务,,,
昆明艺术职业学院,空中乘务,,,
昆明艺术职业学院,物联网应用技术,,,
昆明艺术职业学院,飞行器维修技术,,,
昆明艺术职业学院,机场运行服务与管理,,,
昆明艺术职业学院,定翼机驾驶技术,,,
昆明艺术职业学院,新能源汽车检测与维修技术,,,
昆明艺术职业学院,通用航空航务技术,,,
昆明航空职业学院,空中乘务,,,
昆明航空职业学院,民航空中安全保卫,,,
昆明航空职业学院,航空物流管理,,,
昆明航空职业学院,无人机应用技术,,,
昆明航空职业学院,飞机机电设备维修,,,
昆明航空职业学院,飞机电子设备维修,,,
云南经济管理学院,大数据与财务管理,,,
云南经济管理学院,大数据与会计,,,
云南经济管理学院,高速铁路客运服务,,,
云南经济管理学院,电子商务,,,
云南经济管理学院,法律事务,,,
云南经济管理学院,工程造价,,,
云南经济管理学院,运动训练,,,
云南经济管理学院,小学教育,,,
云南经济管理学院,学前教育,,,
云南经济管理学院,电力系统自动化技术,,,
云南经济管理学院,计算机应用技术,,,
云南经济管理学院,人工智能技术应用,,,
云南经济管理学院,新能源汽车技术,,,
云南经济管理学院,护理,,,
云南经济管理学院,药学,,,
云南经济管理学院,医学检验技术,,,
云南经济管理学院,口腔医学技术,,,
云南经济管理学院,康复治疗技术,,,
云南经济管理学院,建筑室内设计,,,
云南经济管理学院,艺术设计,,,
云南经济管理学院,数字媒体艺术设计,,,
云南经济管理学院,播音与主持,,,
云南工商学院,护理,,,
云南工商学院,电气自动化技术,,,
云南工商学院,大数据与会计,,,
云南工商学院,中文,,,
云南工商学院,大数据与财务管理,,,
云南工商学院,电子商务,,,
云南工商学院,工商企业管理,,,
云南工商学院,空中乘务,,,
云南工商学院,药品经营与管理,,,
云南工商学院,法律事务,,,
云南工商学院,计算机网络技术,,,
云南工商学院,机电一体化技术,,,
云南工商学院,新能源汽车技术,,,
云南工商学院,数字媒体艺术设计,,,
云南工商学院,建设工程管理,,,
昆明城市学院,体育教育,,,
昆明城市学院,运动训练,,,
昆明城市学院,大数据与财务管理,,,
昆明城市学院,中文,,,
昆明城市学院,商务数据分析与应用,,,
昆明城市学院,早期教育,,,
昆明城市学院,网络新闻与传播,,,
昆明城市学院,大数据技术,,,
昆明城市学院,人工智能技术应用,,,
昆明城市学院,视觉传达设计,,,
昆明城市学院,软件技术,,,
昆明城市学院,信息安全技术应用,,,
昆明城市学院,社区康复,,,
滇池学院,无人机应用技术,,,
滇池学院,物联网应用技术,,,
滇池学院,大数据与审计,,,
上海交通职业技术学院,汽车检测与维修技术（定向招生保山建档立卡户）,,,
上海工艺美术职业学院,展示艺术设计（定向招生保山建档立卡户）,,,
上海工艺美术职业学院,室内艺术设计（定向招生保山建档立卡户）,,,
上海工艺美术职业学院,工艺美术品设计（定向招生保山建档立卡户）,,,
上海工艺美术职业学院,产品艺术设计（定向招生保山建档立卡户）,,,
塔里木职业技术学院,大数据技术（定向招生保山建档立卡户）,,,
塔里木职业技术学院,大数据与会计,,,
塔里木职业技术学院,电子商务,,,
塔里木职业技术学院,智能物流技术,,,
塔里木职业技术学院,数字媒体技术,,,
塔里木职业技术学院,建筑工程技术,,,
塔里木职业技术学院,工程造价,,,
塔里木职业技术学院,机电一体化技术,,,
塔里木职业技术学院,工业机器人技术,,,
塔里木职业技术学院,汽车检测与维修技术,,,
塔里木职业技术学院,现代农业装备应用技术,,,
塔里木职业技术学院,旅游管理,,,
塔里木职业技术学院,酒店管理与数字化运营,,,
塔里木职业技术学院,烹饪工艺与营养,,,
塔里木职业技术学院,中西面点工艺,,,
塔里木职业技术学院,现代纺织技术,,,
塔里木职业技术学院,纺织品设计,,,
塔里木职业技术学院,服装设计与工艺,,,
塔里木职业技术学院,空中乘务,,,
塔里木职业技术学院,通用航空器维修,,,
塔里木职业技术学院,无人机应用技术,,,
塔里木职业技术学院,机场运行服务与管理,,,
塔里木职业技术学院,学前教育,,,
塔里木职业技术学院,护理,,,
塔里木职业技术学院,婴幼儿托育服务与管理,,,
新疆生产建设兵团兴新职业技术学院,建筑工程技术,,,
新疆生产建设兵团兴新职业技术学院,道路与桥梁工程技术,,,
新疆生产建设兵团兴新职业技术学院,工程造价,,,
新疆生产建设兵团兴新职业技术学院,计算机网络技术,,,
新疆生产建设兵团兴新职业技术学院,信息安全技术应用,,,
新疆生产建设兵团兴新职业技术学院,大数据与财务管理,,,
新疆生产建设兵团兴新职业技术学院,现代物流管理,,,
新疆生产建设兵团兴新职业技术学院,电子商务,,,
新疆生产建设兵团兴新职业技术学院,石油化工技术,,,
新疆生产建设兵团兴新职业技术学院,电气自动化技术,,,
新疆生产建设兵团兴新职业技术学院,现代农业技术,,,
新疆生产建设兵团兴新职业技术学院,汽车检测与维修技术,,,
新疆生产建设兵团兴新职业技术学院,学前教育,,,
新疆生产建设兵团兴新职业技术学院,服装设计与工艺,,,
新疆生产建设兵团兴新职业技术学院,社会工作,,,
新疆生产建设兵团兴新职业技术学院,烹饪工艺与营养,,,
铁门关职业技术学院,机电一体化技术,,,
铁门关职业技术学院,数字媒体技术,,,
铁门关职业技术学院,党务工作,,,
长沙民政职业技术学院,现代殡葬技术与管理,,,
重庆城市管理职业学院,党务工作,,,
重庆城市管理职业学院,社会工作,,,
重庆城市管理职业学院,婚庆服务与管理,,,
重庆城市管理职业学院,现代物业管理,,,
重庆城市管理职业学院,现代物流管理,,,
重庆城市管理职业学院,市场营销,,,
重庆城市管理职业学院,跨境电子商务,,,
重庆城市管理职业学院,连锁经营与管理,,,
重庆城市管理职业学院,国际经济与贸易,,,
重庆城市管理职业学院,大数据与会计,,,
重庆城市管理职业学院,大数据与财务管理,,,
重庆城市管理职业学院,金融服务与管理,,,
重庆城市管理职业学院,现代文秘,,,
重庆城市管理职业学院,旅游管理,,,
重庆城市管理职业学院,会展策划与管理,,,
重庆城市管理职业学院,酒店管理与数字化运营,,,
重庆城市管理职业学院,园林工程技术,,,
新疆生产建设兵团兴新职业技术学院,数字媒体技术,,,
